Run, Fill, LumiDel, LumiRec, TimeDel, TimeRec,Delivered (pb),Recorded (pb),Tag,Year,NEvents,NTracks,Eff_BCID0
14587,9473,0.23,0.229,20009.0,19692.322,0.23,0.229,p0011,2024,7693,2679.0,-1
14588,9474,0.236,0.235,18108.0,17755.664,0.236,0.235,p0011,2024,7704,2766.0,-1
14589,9475,1.408,1.404,25881.0,25801.331,1.408,1.404,p0011,2024,39492,16322.0,-1
14590,9476,1.225,1.222,21765.0,21516.547,1.225,1.222,p0011,2024,33935,14059.0,-1
14593,9479,13.221,13.185,27226.0,26769.551,13.221,13.185,p0011,2024,348708,148461.0,-1
14597,9483,4.202,4.191,9155.0,9099.399,4.202,4.191,p0011,2024,108483,46314.0,-1
14618,9485,11.463,11.433,24673.0,24546.958,11.463,11.433,p0011,2024,292021,127352.0,-1
14644,9496,17.504,17.416,6697.0,6608.95,17.504,17.416,p0011,2024,450399,193184.0,-1
14645,9497,19.343,19.239,7364.0,6864.002,19.343,19.239,p0011,2024,494378,212274.0,-1
14647,9499,53.184,52.903,17822.0,17516.308,53.184,52.903,p0011,2024,1323920,575514.0,-1
14733,9510,5.709,5.673,2615.338,2599.734,5.709,5.673,p0011,2024,141852,61359.0,-1
14743,9512,279.011,276.637,50059.63,49648.134,279.011,276.637,p0011,2024,7025381,3074903.0,-1
14758,9512,28.912,28.745,10486.139,10384.129,28.912,28.745,p0011,2024,728793,320405.0,-1
14760,9514,227.512,225.388,39429.0,39029.7,227.512,225.388,p0011,2024,5692195,2499892.0,-1
14763,9517,51.445,50.708,6197.0,5980.483,51.445,50.708,p0011,2024,1273996,546335.0,-1
14764,9518,111.772,110.099,12181.0,11940.822,111.772,110.099,p0011,2024,2757134,1193259.0,-1
14765,9519,39.566,39.0,4877.0,4716.499,39.566,39.0,p0011,2024,981249,421371.0,-1
14766,9520,3.391,3.357,705.0,558.676,3.391,3.357,p0011,2024,86038,36432.0,-1
14767,9521,55.592,54.764,6615.0,6226.756,55.592,54.764,p0011,2024,1371194,590778.0,-1
14769,9523,327.84,323.51,40291.0,39779.699,327.84,323.51,p0011,2024,8118150,3550842.0,-1
14771,9525,177.13,174.518,18890.0,18587.906,177.13,174.518,p0011,2024,4346121,1896502.0,-1
14776,9529,0.401,0.398,11839.0,10966.654,0.401,0.398,p0011,2024,11298,4661.0,-1
14777,9530,191.401,186.514,14064.0,13673.84,191.401,186.514,p0011,2024,4722971,2036443.0,-1
14797,9537,399.225,391.726,29720.0,29172.464,399.225,391.726,p0011,2024,9873549,4301830.0,-1
14799,9539,523.072,514.222,45371.0,44643.319,523.072,514.222,p0011,2024,12870771,5588491.0,-1
14804,9543,464.337,455.822,34496.0,33617.882,464.337,455.822,p0011,2024,11299938,4889924.0,-1
14809,9548,569.093,558.334,40501.0,39738.176,569.093,558.334,p0011,2024,13849942,5998551.0,-1
14810,9549,65.856,64.457,4535.0,4401.271,65.856,64.457,p0011,2024,1624901,694735.0,-1
14904,9559,44.266,39.774,4992.509,4543.704,44.266,39.774,p0011,2024,1001197,435909.0,-1
14905,9559,32.682,32.226,3235.217,3190.119,32.682,32.226,p0011,2024,811143,355056.0,-1
14906,9559,201.481,199.019,23020.212,22525.541,201.481,199.019,p0011,2024,4976911,2184845.0,-1
14954,9562,243.197,239.576,21684.0,21331.091,243.197,239.576,p0011,2024,6049796,2644048.0,-1
14971,9564,243.03,238.329,16263.0,15904.513,243.03,238.329,p0011,2024,5968660,2591132.0,-1
14972,9565,421.812,413.824,28683.0,28031.45,421.812,413.824,p0011,2024,10363264,4512158.0,-1
14973,9566,292.111,285.5,17058.0,16638.665,292.111,285.5,p0011,2024,7172931,3105976.0,-1
14974,9567,363.036,354.935,21150.0,20591.082,363.036,354.935,p0011,2024,8840914,3835206.0,-1
14975,9568,679.452,666.286,46398.0,45544.925,679.452,666.286,p0011,2024,16632195,7244898.0,-1
14976,9569,223.695,218.533,13062.0,12636.98,223.695,218.533,p0011,2024,5489666,2382552.0,-1
14977,9570,490.486,480.317,30573.0,29915.191,490.486,480.317,p0011,2024,11962205,5210362.0,-1
14980,9573,640.314,627.17,41992.0,41155.263,640.314,627.17,p0011,2024,15673384,6820287.0,-1
14981,9574,697.668,683.278,44630.0,43754.842,697.668,683.278,p0011,2024,16934448,7370881.0,-1
14985,9575,240.981,235.065,13047.0,12690.909,240.981,235.065,p0011,2024,5860251,2541133.0,-1
14989,9579,188.705,183.987,10272.0,9824.446,188.705,183.987,p0011,2024,4533802,1962339.0,-1
15007,9585,694.582,679.331,43005.0,42106.252,694.582,679.331,p0011,2024,17069044,7440287.0,-1
15015,9593,612.395,599.441,38740.0,37518.841,612.395,599.441,p0011,2024,14946620,6518485.0,-1
15016,9594,695.259,680.901,45477.0,44559.629,695.259,680.901,p0011,2024,16933662,7378895.0,-1
15023,9602,183.216,178.557,10106.0,9496.023,183.216,178.557,p0011,2024,4451007,1925916.0,-1
15024,9603,740.286,724.684,47088.0,46106.119,740.286,724.684,p0011,2024,17994086,7833087.0,-1
15025,9604,387.072,377.545,21011.0,20288.56,387.072,377.545,p0011,2024,9409443,4092933.0,-1
15031,9605,783.138,767.029,51432.0,50410.441,783.138,767.029,p0011,2024,18980525,8265142.0,-1
15032,9606,790.739,774.408,51855.0,50786.848,790.739,774.408,p0011,2024,19265007,8403307.0,-1
15034,9608,385.444,375.711,20336.0,19614.554,385.444,375.711,p0011,2024,9336068,4062422.0,-1
15050,9609,533.108,520.484,29218.0,28214.873,533.108,520.484,p0011,2024,12679323,5530444.0,-1
15051,9610,762.913,746.798,48893.0,47885.299,762.913,746.798,p0011,2024,18552418,8097117.0,-1
15052,9611,698.997,684.02,43854.0,42772.825,698.997,684.02,p0011,2024,7507322,7437276.0,-1
15055,9614,739.288,723.989,48366.0,47386.206,739.288,723.989,p0011,2024,7859021,7786364.0,-1
15059,9618,420.089,410.131,22439.0,21916.71,420.089,410.131,p0011,2024,4344757,4301914.0,-1
15075,9626,0.009,0.007,12975.536,7761.309,0.009,0.007,p0011,2024,2187,220.0,-1
15146,9626,0.003,0.002,4523.236,2534.528,0.003,0.002,p0011,2024,783,75.0,-1
15181,9639,1.364,1.36,122850.0,114370.663,1.364,1.36,p0011,2024,55046,36347.0,-1
15257,9641,0.015,0.015,3484.0,3292.03,0.015,0.015,p0011,2024,879,404.0,-1
15259,9643,0.018,0.018,4320.0,4096.449,0.018,0.018,p0011,2024,1054,449.0,-1
15260,9644,0.227,0.227,44798.0,44639.139,0.227,0.227,p0011,2024,12349,6121.0,-1
15267,9651,9.031,9.0,27828.0,25093.572,9.031,9.0,p0011,2024,111453,104952.0,-1
15269,9653,502.211,491.74,42777.0,41984.646,502.211,491.74,p0011,2024,5428737,5341904.0,-1
15270,9654,384.789,375.664,21784.0,21060.328,384.789,375.664,p0011,2024,4132841,4092969.0,-1
15287,9659,223.615,218.919,13878.0,13571.453,223.615,218.919,p0011,2024,2424802,2398172.0,-1
15289,9661,36.816,36.031,2615.0,2527.996,36.816,36.031,p0011,2024,399799,393995.0,-1
15290,9662,755.354,738.76,46394.0,45387.534,755.354,738.76,p0011,2024,8101394,8029285.0,-1
15387,9663,622.936,609.125,37718.0,36912.627,622.936,609.125,p0011,2024,6699951,6639506.0,-1
15388,9664,754.142,738.131,48072.0,46938.848,754.142,738.131,p0011,2024,8029830,7964636.0,-1
15390,9666,681.379,666.159,40641.0,39751.328,681.379,666.159,p0011,2024,7273871,7214205.0,-1
15391,9667,547.617,533.741,28377.0,27487.147,547.617,533.741,p0011,2024,5781224,5729694.0,-1
15394,9670,841.122,822.645,51994.0,50874.401,841.122,822.645,p0011,2024,8975701,8904757.0,-1
15396,9672,57.929,56.487,3797.0,3399.915,57.929,56.487,p0011,2024,623419,614809.0,-1
15398,9674,168.169,163.757,8888.0,8510.322,168.169,163.757,p0011,2024,1785058,1765922.0,-1
15415,9677,330.451,321.264,16796.0,16293.396,330.451,321.264,p0011,2024,3736270,3703184.0,-1
15418,9680,193.209,187.837,10032.0,9710.838,193.209,187.837,p0011,2024,2188519,2166780.0,-1
15421,9683,2.042,1.997,418.0,141.143,2.042,1.997,p0011,2024,25252,24852.0,-1
15422,9684,467.945,455.342,24409.0,23414.727,467.945,455.342,p0011,2024,5251013,5206431.0,-1
15424,9686,81.795,79.647,4695.0,4484.709,81.795,79.647,p0011,2024,925661,914830.0,-1
15425,9687,808.868,790.338,51707.0,50240.542,808.868,790.338,p0011,2024,9186530,9111197.0,-1
15429,9691,1069.79,1047.736,81478.0,79964.562,1069.79,1047.736,p0011,2024,12133725,12044019.0,-1
15432,9694,723.809,706.765,41720.0,40664.149,723.809,706.765,p0011,2024,7726627,7659992.0,-1
15434,9696,636.312,620.821,35423.0,34430.117,636.312,620.821,p0011,2024,6834175,6783855.0,-1
15438,9700,784.958,767.111,47725.0,46653.821,784.958,767.111,p0011,2024,8450811,8388017.0,-1
15439,9701,400.143,389.413,20094.0,19561.911,400.143,389.413,p0011,2024,4289222,4253928.0,-1
15443,9705,129.997,126.587,6998.0,6803.288,129.997,126.587,p0011,2024,1393202,1378853.0,-1
15445,9707,838.97,819.868,51332.0,50206.282,838.97,819.868,p0011,2024,9025912,8957790.0,-1
15446,9708,913.491,893.536,59847.0,58644.304,913.491,893.536,p0011,2024,9777695,9700658.0,-1
15455,9717,0.976,0.971,23140.0,21767.712,0.976,0.971,p0011,2024,12643,11388.0,-1
15553,9734,0.13,0.129,4188.0,4170.504,0.13,0.129,p0011,2024,2260,1581.0,-1
15676,9801,0.012,0.011,2113.0,1696.97,0.012,0.011,p0011,2024,389,123.0,-1
15678,9803,7.922,7.902,16080.0,15965.579,7.922,7.902,p0011,2024,91473,89862.0,-1
15679,9804,3.635,3.625,8044.0,7974.458,3.635,3.625,p0011,2024,41677,40978.0,-1
15681,9806,53.457,53.124,17613.0,17462.572,53.457,53.124,p0011,2024,601706,595330.0,-1
15683,9808,232.218,228.809,22457.0,22131.321,232.218,228.809,p0011,2024,2582175,2554841.0,-1
15685,9810,729.72,713.52,41519.0,40625.1,729.72,713.52,p0011,2024,6972679,6903125.0,-1
15687,9812,845.152,825.79,50429.0,49291.694,845.152,825.79,p0011,2024,9156957,9086605.0,-1
15688,9813,332.776,323.595,16330.0,15819.1,332.776,323.595,p0011,2024,3529153,3496187.0,-1
15691,9816,113.811,110.696,6036.0,5701.668,113.811,110.696,p0011,2024,1210039,1196653.0,-1
15694,9819,19.749,19.609,60318.0,59824.521,19.749,19.609,p0011,2024,633599,528507.0,-1
15723,9832,161.239,157.073,8652.0,8406.297,161.239,157.073,p0011,2024,1710970,1692195.0,-1
15749,9838,180.0,175.26,9522.0,9096.25,180.0,175.26,p0011,2024,1912440,1892171.0,-1
15751,9840,724.624,707.049,40172.0,39182.331,724.624,707.049,p0011,2024,7832818,7771611.0,-1
15754,9842,933.833,912.283,53025.0,51799.602,933.833,912.283,p0011,2024,10080542,10008515.0,-1
15755,9843,301.184,293.791,16515.0,16029.832,301.184,293.791,p0011,2024,3207995,3179580.0,-1
15758,9846,161.584,157.42,8672.0,8203.186,161.584,157.42,p0011,2024,1729276,1711597.0,-1
15762,9848,331.436,322.96,17179.0,16565.294,331.436,322.96,p0011,2024,3509549,3477490.0,-1
15763,9849,965.149,942.861,54988.0,53723.271,965.149,942.861,p0011,2024,10376459,10293845.0,-1
15765,9851,23.796,23.273,2020.0,1683.803,23.796,23.273,p0011,2024,259490,255384.0,-1
15766,9852,781.694,763.094,42373.0,41294.924,781.694,763.094,p0011,2024,8359033,8294457.0,-1
15782,9857,162.493,158.493,8791.0,8481.58,162.493,158.493,p0011,2024,1715981,1700321.0,-1
15784,9859,48.669,47.603,3124.0,3008.981,48.669,47.603,p0011,2024,522185,516378.0,-1
15785,9860,586.968,571.889,30026.0,28972.116,586.968,571.889,p0011,2024,6315732,6267387.0,-1
15786,9861,844.583,825.635,49970.0,48837.519,844.583,825.635,p0011,2024,9143287,9078687.0,-1
15787,9862,318.332,310.308,16990.0,16188.268,318.332,310.308,p0011,2024,3394314,3366105.0,-1
15789,9864,273.715,266.814,14442.0,14050.667,273.715,266.814,p0011,2024,2921165,2895958.0,-1
15790,9865,213.867,208.52,11504.0,11000.296,213.867,208.52,p0011,2024,2270653,2250214.0,-1
15814,9867,23.909,23.464,2087.0,1790.334,23.909,23.464,p0011,2024,169649,167134.0,-1
15816,9869,347.625,338.808,17822.0,17303.272,347.625,338.808,p0011,2024,3637854,3608213.0,-1
15818,9871,191.205,186.353,10052.0,9645.184,191.205,186.353,p0011,2024,2023278,2004818.0,-1
15820,9873,391.758,381.834,20159.0,19485.379,391.758,381.834,p0011,2024,4162890,4129054.0,-1
15838,9877,879.024,860.151,53587.0,52447.279,879.024,860.151,p0011,2024,9600983,9531170.0,-1
15839,9878,735.851,717.683,38538.0,37332.496,735.851,717.683,p0011,2024,7982065,7927005.0,-1
15840,9879,213.817,208.403,11283.0,10823.42,213.817,208.403,p0011,2024,2300591,2280926.0,-1
15844,9883,259.165,252.57,13414.0,12901.551,259.165,252.57,p0011,2024,2775910,2751649.0,-1
15849,9885,34.119,33.416,2154.0,2106.021,34.119,33.416,p0011,2024,374415,369832.0,-1
15850,9886,342.514,334.808,17497.0,17042.404,342.514,334.808,p0011,2024,3682773,3654220.0,-1
15868,9891,7.432,7.4,3238.0,2608.271,7.432,7.4,p0011,2024,83883,83294.0,-1
15873,9895,39.194,39.021,12821.0,12715.168,39.194,39.021,p0011,2024,440509,437516.0,-1
15874,9896,862.922,845.268,48792.0,47793.041,862.922,845.268,p0011,2024,9398498,9334740.0,-1
15877,9899,875.483,857.36,48623.0,47592.24,875.483,857.36,p0011,2024,9508626,9447938.0,-1
15878,9900,878.433,860.484,49951.0,48926.539,878.433,860.484,p0011,2024,9587858,9526194.0,-1
15882,9904,42.568,41.676,2719.0,2539.673,42.568,41.676,p0011,2024,462976,457381.0,-1
15883,9905,901.196,882.336,50269.0,49207.513,901.196,882.336,p0011,2024,9851222,9784561.0,-1
15884,9906,543.721,531.228,27699.0,26637.38,543.721,531.228,p0011,2024,5903453,5861086.0,-1
15902,9910,877.787,859.608,49211.0,47905.662,877.787,859.608,p0011,2024,9568563,9506102.0,-1
15903,9911,899.963,881.657,51056.0,50008.205,899.963,881.657,p0011,2024,9748584,9683976.0,-1
15904,9912,126.087,123.327,6736.0,6550.944,126.087,123.327,p0011,2024,1341444,1329289.0,-1
15909,9917,749.949,733.602,40246.0,38969.637,749.949,733.602,p0011,2024,8202557,8148569.0,-1
15912,9920,899.611,881.321,51672.0,50619.738,899.611,881.321,p0011,2024,9793119,9727972.0,-1
15913,9921,932.571,914.023,54829.0,53743.199,932.571,914.023,p0011,2024,10139071,10075477.0,-1
15915,9923,955.002,935.336,53873.0,52800.541,955.002,935.336,p0011,2024,10411742,10346525.0,-1
15917,9925,78.396,76.66,4584.0,4200.227,78.396,76.66,p0011,2024,848904,840673.0,-1
15918,9926,883.425,864.831,48289.0,47257.66,883.425,864.831,p0011,2024,8579063,8529971.0,-1
15919,9927,265.73,259.693,13740.0,13392.197,265.73,259.693,p0011,2024,2861705,2838922.0,-1
15945,9931,913.058,894.538,51332.0,50268.036,913.058,894.538,p0011,2024,9948990,9889149.0,-1
15946,9932,343.938,336.084,17398.0,16817.026,343.938,336.084,p0011,2024,3682951,3656790.0,-1
15948,9934,129.781,126.845,6879.0,6689.156,129.781,126.845,p0011,2024,1403493,1392298.0,-1
15949,9935,299.158,292.269,15203.0,14629.191,299.158,292.269,p0011,2024,3200950,3178341.0,-1
15950,9936,219.98,214.956,11212.0,10899.663,219.98,214.956,p0011,2024,2355419,2338056.0,-1
15951,9937,799.932,782.756,42589.0,41576.282,799.932,782.756,p0011,2024,8689148,8637603.0,-1
15953,9939,846.563,828.308,45338.0,44078.616,846.563,828.308,p0011,2024,9247300,9194866.0,-1
15955,9941,624.32,609.994,31268.0,30492.777,624.32,609.994,p0011,2024,6504787,6464835.0,-1
15956,9942,684.471,669.041,34711.0,33911.393,684.471,669.041,p0011,2024,7427082,7383489.0,-1
15957,9943,797.35,779.925,41905.0,41005.238,797.35,779.925,p0011,2024,8676116,8626059.0,-1
15961,9945,801.001,783.21,41267.0,40326.262,801.001,783.21,p0011,2024,8742211,8690999.0,-1
15963,9947,557.099,544.109,27816.0,26928.397,557.099,544.109,p0011,2024,6102786,6064707.0,-1
15967,9951,879.385,860.426,46866.0,45835.557,879.385,860.426,p0011,2024,9584889,9531953.0,-1
15975,9960,8.253,8.111,858.0,727.88,8.253,8.111,p0011,2024,93298,91816.0,-1
15977,9962,306.764,299.527,15264.0,14756.013,306.764,299.527,p0011,2024,3301590,3278445.0,-1
15993,9966,0.313,0.312,7683.0,7424.477,0.313,0.312,p0011,2024,4125,3683.0,-1
15994,9967,818.979,800.561,42205.0,41011.497,818.979,800.561,p0011,2024,8920768,8870768.0,-1
15996,9969,942.762,922.69,51604.0,50501.756,942.762,922.69,p0011,2024,10253324,10196446.0,-1
15997,9970,174.138,170.122,9197.0,8682.849,174.138,170.122,p0011,2024,1879179,1865156.0,-1
15998,9971,655.924,640.44,32182.0,31397.172,655.924,640.44,p0011,2024,7128294,7086725.0,-1
16000,9973,923.222,903.489,50167.0,49087.283,923.222,903.489,p0011,2024,10035494,9979386.0,-1
16001,9974,962.941,942.587,53332.0,52144.232,962.941,942.587,p0011,2024,10538082,10482277.0,-1
16018,9978,803.72,785.431,40900.0,39920.451,803.72,785.431,p0011,2024,8777966,8730049.0,-1
16022,9982,889.812,870.576,48262.0,47211.28,889.812,870.576,p0011,2024,9752310,9697362.0,-1
16023,9983,881.498,862.101,46809.0,45762.773,881.498,862.101,p0012,2024,9685492,9633625.0,-1
16024,9984,377.741,368.692,18618.0,17869.989,377.741,368.692,p0012,2024,4068358,4043860.0,-1
16028,9986,940.903,920.682,51216.0,50110.359,940.903,920.682,p0012,2024,10274698,10223015.0,-1
16042,9987,919.52,899.595,49258.0,48180.085,919.52,899.595,p0012,2024,10008442,9957107.0,-1
16043,9988,780.728,762.143,37889.0,36952.597,780.728,762.143,p0012,2024,8422057,8373822.0,-1
16057,9989,838.528,819.902,43761.0,42765.891,838.528,819.902,p0012,2024,9153093,9106436.0,-1
16060,9992,13.292,13.052,918.0,872.349,13.292,13.052,p0012,2024,8255,8170.0,-1
16064,9994,550.125,537.011,26786.0,26134.537,550.125,537.011,p0012,2024,5959367,5924597.0,-1
16065,9995,539.918,527.084,26489.0,25648.235,539.918,527.084,p0012,2024,5842414,5807634.0,-1
16068,9996,907.859,887.9,48035.0,47004.54,907.859,887.9,p0012,2024,10247853,10195289.0,-1
16071,10000,284.246,277.601,14275.0,13856.56,284.246,277.601,p0012,2024,3059023,3040343.0,-1
16072,10001,864.754,845.798,45782.0,44761.655,864.754,845.798,p0012,2024,9418905,9370235.0,-1
16073,10002,125.559,122.72,7261.0,6420.402,125.559,122.72,p0012,2024,1347986,1338537.0,-1
16075,10004,110.249,107.74,6239.0,5717.14,110.249,107.74,p0012,2024,1189969,1181494.0,-1
16076,10005,851.582,832.935,44800.0,43798.638,851.582,832.935,p0012,2024,9233588,9186621.0,-1
16077,10006,862.47,843.427,45262.0,44049.546,862.47,843.427,p0012,2024,9363085,9315083.0,-1
16096,10010,791.342,773.235,40135.0,39098.746,791.342,773.235,p0012,2024,8598033,8550935.0,-1
16098,10012,247.316,241.521,12582.0,12014.907,247.316,241.521,p0012,2024,480067,477307.0,-1
16099,10013,143.672,140.442,7894.0,7431.435,143.672,140.442,p0012,2024,1547563,1537350.0,-1
16100,10014,155.722,152.603,9960.0,9370.855,155.722,152.603,p0012,2024,1684659,1672104.0,-1
16102,10016,596.003,581.922,29291.0,28300.347,596.003,581.922,p0012,2024,6416375,6387587.0,-1
16103,10017,781.479,763.691,39459.0,38530.408,781.479,763.691,p0012,2024,8463362,8419930.0,-1
16393,10049,867.156,848.647,47277.0,46252.886,867.156,848.647,p0012,2024,9542275,9486345.0,-1
16394,10050,553.68,540.524,27119.0,26231.313,553.68,540.524,p0012,2024,5981251,5945986.0,-1
16396,10052,942.265,921.501,49337.0,48261.841,942.265,921.501,p0012,2024,10245742,10193302.0,-1
16400,10056,935.713,915.093,49056.0,47998.483,935.713,915.093,p0012,2024,10213624,10161076.0,-1
16403,10059,123.935,121.067,6452.0,6272.634,123.935,121.067,p0012,2024,1282627,1273206.0,-1
16405,10061,374.879,366.017,18420.0,17948.243,374.879,366.017,p0012,2024,3610061,3589269.0,-1
16517,10066,362.031,353.859,22642.0,21822.905,362.031,353.859,p0012,2024,3958580,3928544.0,-1
16522,10068,6.501,6.385,682.0,481.274,6.501,6.385,p0012,2024,72577,71866.0,-1
16523,10069,898.148,878.555,47789.0,46731.962,898.148,878.555,p0012,2024,9861433,9810351.0,-1
16531,10070,139.364,136.125,7283.0,6975.215,139.364,136.125,p0012,2024,1516538,1506242.0,-1
16533,10072,861.572,842.714,45501.0,44503.379,861.572,842.714,p0012,2024,8765697,8719971.0,-1
16542,10073,896.465,876.891,47462.0,46453.692,896.465,876.891,p0012,2024,9458352,9408216.0,-1
16558,10074,912.291,892.12,48197.0,47085.668,912.291,892.12,p0012,2024,10004696,9954118.0,-1
16564,10075,236.03,230.577,12078.0,11687.238,236.03,230.577,p0012,2024,2545181,2529648.0,-1
16581,10077,667.071,651.298,32865.0,31965.239,667.071,651.298,p0012,2024,7293181,7255189.0,-1
16628,10082,257.016,250.95,12876.0,12450.73,257.016,250.95,p0012,2024,2500844,2486005.0,-1
16635,10084,1232.217,1208.592,79703.0,78296.577,1232.217,1208.592,p0012,2024,13601766,13533401.0,-1
16648,10086,8.266,8.119,582.964,573.193,8.266,8.119,p0012,2024,91334,90241.0,-1
16649,10086,246.201,240.381,12199.745,11808.475,246.201,240.381,p0012,2024,2663458,2646764.0,-1
16650,10087,821.574,803.475,43070.0,42130.701,821.574,803.475,p0012,2024,8978772,8934151.0,-1
16653,10090,806.666,788.367,41188.0,40245.569,806.666,788.367,p0012,2024,8497710,8454262.0,-1
16657,10091,417.841,408.017,20653.0,19944.15,417.841,408.017,p0012,2024,4517105,4491805.0,-1
16658,10092,963.848,943.084,51663.0,50534.596,963.848,943.084,p0012,2024,10497743,10442440.0,-1
16659,10093,190.956,186.537,9866.0,9379.322,190.956,186.537,p0012,2024,1994016,1981293.0,-1
16660,10094,239.213,233.623,12213.0,11642.898,239.213,233.623,p0012,2024,2572238,2556871.0,-1
16661,10095,951.342,930.728,50638.0,49529.55,951.342,930.728,p0012,2024,10357059,10303310.0,-1
16662,10096,373.95,365.095,18847.0,17820.541,373.95,365.095,p0012,2024,4033178,4009886.0,-1
16663,10097,876.53,857.136,45430.0,44379.405,876.53,857.136,p0012,2024,9553621,9505417.0,-1
16664,10098,339.13,331.232,17064.0,16431.503,339.13,331.232,p0012,2024,3657990,3636924.0,-1
16665,10099,404.139,394.702,19852.0,19328.879,404.139,394.702,p0012,2024,4366820,4342377.0,-1
16667,10100,853.235,834.07,43386.0,42380.97,853.235,834.07,p0012,2024,9336713,9291198.0,-1
16669,10102,0.05,0.049,163.0,5.273,0.05,0.049,p0012,2024,2903,1448.0,-1
16684,10104,237.37,232.293,13176.0,12839.104,237.37,232.293,p0012,2024,2575115,2558249.0,-1
16685,10105,977.62,956.632,52575.0,51439.34,977.62,956.632,p0012,2024,10696321,10645210.0,-1
16687,10107,922.105,901.834,48350.0,47104.673,922.105,901.834,p0012,2024,10060834,10013623.0,-1
16690,10109,11.177,10.98,834.0,789.439,11.177,10.98,p0012,2024,123371,122137.0,-1
16693,10112,532.71,520.291,26155.0,25405.983,532.71,520.291,p0012,2024,5717852,5687504.0,-1
16696,10115,782.956,764.902,38574.0,37640.027,782.956,764.902,p0012,2024,8514554,8473292.0,-1
16697,10116,951.948,931.372,50160.0,49081.357,951.948,931.372,p0012,2024,10351698,10302202.0,-1
16698,10117,39.849,39.051,2478.0,2406.775,39.849,39.051,p0012,2024,433621,430156.0,-1
16699,10118,973.766,952.901,52042.0,50882.523,973.766,952.901,p0012,2024,10616019,10567012.0,-1
16700,10119,54.018,52.84,3087.0,3000.306,54.018,52.84,p0012,2024,586737,582413.0,-1
16715,10122,1015.516,993.838,54253.0,53052.893,1015.516,993.838,p0012,2024,10310305,10262553.0,-1
16716,10123,7.07,6.939,846.0,470.744,7.07,6.939,p0012,2024,77740,76977.0,-1
16730,10125,940.786,920.001,49086.0,47983.874,940.786,920.001,p0012,2024,10218705,10169565.0,-1
16731,10126,717.303,700.306,35511.0,34075.741,717.303,700.306,p0012,2024,7798814,7759567.0,-1
16732,10127,696.668,680.4,34265.0,33431.396,696.668,680.4,p0012,2024,7553351,7515003.0,-1
16798,10130,908.866,888.516,46712.0,45645.94,908.866,888.516,p0012,2024,9926117,9879201.0,-1
16800,10132,493.688,482.134,24520.0,23459.991,493.688,482.134,p0012,2024,5288597,5261163.0,-1
16802,10134,866.456,846.84,43554.0,42551.709,866.456,846.84,p0012,2024,9382191,9338133.0,-1
16805,10137,611.033,596.53,29598.0,28863.866,611.033,596.53,p0012,2024,6622647,6587884.0,-1
16806,10138,522.208,509.84,26016.0,24717.517,522.208,509.84,p0012,2024,5614120,5584895.0,-1
16848,10139,93.891,91.763,5079.0,4908.719,93.891,91.763,p0012,2024,1004407,997364.0,-1
16850,10141,92.292,90.188,4942.0,4764.529,92.292,90.188,p0012,2024,988106,981463.0,-1
16853,10144,338.821,330.892,16641.0,16217.708,338.821,330.892,p0012,2024,3566469,3546038.0,-1
16901,10189,184.594,180.422,9722.0,9299.277,184.594,180.422,p0012,2024,36075,35884.0,-1
16916,10190,628.975,614.61,31733.0,30801.966,628.975,614.61,p0012,2024,6619358,6584770.0,-1
16923,10197,882.394,862.635,45100.0,44105.86,882.394,862.635,p0012,2024,9841151,9790586.0,-1
16929,10199,913.339,890.717,47373.0,46141.898,913.339,890.717,p0012,2024,9780176,9730696.0,-1
16930,10200,960.392,937.019,50772.0,49558.96,960.392,937.019,p0012,2024,10278574,10228064.0,-1
16931,10201,890.941,868.917,45916.0,44758.973,890.941,868.917,p0012,2024,6739871,6706452.0,-1
16932,10202,36.278,35.495,2424.0,2277.51,36.278,35.495,p0012,2024,0,0.0,-1
16934,10204,868.379,846.652,44463.0,43344.455,868.379,846.652,p0012,2024,8924772,8878298.0,-1
16936,10206,204.209,198.985,10352.0,10059.8,204.209,198.985,p0012,2024,2161569,2148324.0,-1
16937,10207,160.891,156.776,8214.0,7955.436,160.891,156.776,p0012,2024,1696644,1684508.0,-1
16938,10208,542.407,528.185,26399.0,25645.602,542.407,528.185,p0012,2024,5724702,5694339.0,-1
16939,10209,167.476,163.155,8484.0,8196.48,167.476,163.155,p0012,2024,1759603,1748572.0,-1
16940,10210,719.209,700.245,34947.0,33921.837,719.209,700.245,p0012,2024,7653724,7613957.0,-1
16941,10211,936.896,914.168,49481.0,48269.983,936.896,914.168,p0012,2024,10013646,9965175.0,-1
16943,10213,750.778,731.11,36359.0,35361.107,750.778,731.11,p0012,2024,0,0.0,-1
16963,10214,36.786,36.218,3678.0,3597.554,36.786,36.218,p0012,2024,390085,387357.0,-1
16972,10215,34.211,33.431,2277.0,2070.381,34.211,33.431,p0012,2024,0,0.0,-1
16974,10216,281.822,274.605,13970.0,13585.091,281.822,274.605,p0012,2024,958548,953507.0,-1
17018,10218,744.493,725.306,37036.0,35590.686,744.493,725.306,p0012,2024,7962530,7921389.0,-1
17023,10219,897.873,875.773,46379.0,45218.203,897.873,875.773,p0012,2024,9632716,9585882.0,-1
17095,10222,240.971,234.773,12813.0,11677.38,240.971,234.773,p0012,2024,526916,524147.0,-1
17102,10223,653.086,636.091,32113.0,31189.293,653.086,636.091,p0012,2024,6981965,6944956.0,-1
17127,10225,263.752,256.939,13179.0,12744.865,263.752,256.939,p0012,2024,1744039,1734763.0,-1
17147,10226,910.018,887.609,47203.0,46010.171,910.018,887.609,p0012,2024,9807453,9757966.0,-1
17199,10230,389.475,379.293,19090.0,18542.481,389.475,379.293,p0012,2024,1119756,1114125.0,-1
17230,10232,318.495,310.213,15725.0,15288.945,318.495,310.213,p0012,2024,3378505,3360140.0,-1
